{"epoch": 9, "train_acc": 0.6197633915957613, "train_loss": 0.3470146355281469, "val_acc": 0.5614301181775545, "val_loss": 0.2833646004198156, "_timestamp": 1673211453.5256515, "_runtime": 1.6125824451446533, "_step": 8, "_wandb": {"runtime": 0}}