{"epoch": 14, "train_acc": 0.748687419870966, "train_loss": -0.109210794095071, "val_acc": 0.8273244298646727, "val_loss": -0.18524348284413383, "_timestamp": 1673211416.8549726, "_runtime": 1.70400071144104, "_step": 13, "_wandb": {"runtime": 0}}