{"Training Loss:": 0.1167252439307049, "Test Loss:": 0.2407023851064187, "Test Accuracy:": 0.9153481125831604, "_timestamp": 1673016088.251766, "_runtime": 43.55229902267456, "_step": 9, "Preditions": {"_type": "table-file", "sha256": "664ce5c209065f36a84586916533908fcd4783af6a47764940102a7b7748b0e7", "size": 1398, "artifact_path": "wandb-client-artifact://703vvz66z7x6sdyg1m93qqcq4yp8l19ck00rkzv4dvv98fmolijxbhr7d0pun2vu3935cg31qvroq67v2hlf8z7cpvmfs9lig3tw1qbusotvzequttev2h39crewwgo2:latest/Preditions.table.json", "_latest_artifact_path": "wandb-client-artifact://703vvz66z7x6sdyg1m93qqcq4yp8l19ck00rkzv4dvv98fmolijxbhr7d0pun2vu3935cg31qvroq67v2hlf8z7cpvmfs9lig3tw1qbusotvzequttev2h39crewwgo2:latest/Preditions.table.json", "path": "media/table/Preditions_9_664ce5c209065f36a845.table.json", "ncols": 3, "nrows": 79}, "_wandb": {"runtime": 42}}