{"Training Loss:": 0.09276522272266448, "Test Loss:": 0.1893931169923442, "Test Accuracy:": 0.9378955960273743, "_timestamp": 1673214674.5540283, "_runtime": 69.28531527519226, "_step": 29, "gradients/graph_3fc2.bias": {"_type": "histogram", "values": [1.0, 0.0, 0.0, 0.0, 0.0, 0.0, 0.0, 1.0, 0.0, 0.0, 0.0, 0.0, 0.0, 1.0, 0.0, 0.0, 1.0, 0.0, 0.0, 1.0, 1.0, 0.0, 0.0, 1.0, 0.0, 1.0, 0.0, 0.0, 0.0, 0.0, 0.0, 0.0, 0.0, 0.0, 0.0, 0.0, 0.0, 0.0, 0.0, 1.0, 0.0, 0.0, 0.0, 0.0, 0.0, 0.0, 0.0, 0.0, 0.0, 0.0, 0.0, 0.0, 0.0, 0.0, 0.0, 0.0, 0.0, 0.0, 0.0, 0.0, 0.0, 0.0, 0.0, 1.0], "bins": [-0.023227743804454803, -0.02221512608230114, -0.021202508360147476, -0.020189890637993813, -0.01917727291584015, -0.018164657056331635, -0.01715203933417797, -0.016139421612024307, -0.015126803889870644, -0.01411418616771698, -0.013101568445563316, -0.012088951654732227, -0.011076333932578564, -0.0100637162104249, -0.009051099419593811, -0.008038481697440147, -0.007025863975286484, -0.00601324625313282, -0.005000628996640444, -0.0039880117401480675, -0.002975394017994404, -0.00196277629584074, -0.0009501590393483639, 6.245821714401245e-05, 0.001075075939297676, 0.002087693428620696, 0.003100310917943716, 0.004112928174436092, 0.005125545896589756, 0.00613816361874342, 0.007150780875235796, 0.008163398131728172, 0.009176015853881836, 0.0101886335760355, 0.011201251298189163, 0.012213868089020252, 0.013226485811173916, 0.01423910353332758, 0.015251720324158669, 0.016264338046312332, 0.017276955768465996, 0.01828957349061966, 0.019302191212773323, 0.020314808934926987, 0.0213274247944355, 0.022340044379234314, 0.02335266023874283, 0.024365277960896492, 0.025377895683050156, 0.02639051340520382, 0.027403131127357483, 0.028415748849511147, 0.02942836657166481, 0.030440982431173325, 0.03145360201597214, 0.03246621787548065, 0.033478833734989166, 0.03449144959449768, 0.035504069179296494, 0.03651668503880501, 0.03752930462360382, 0.038541920483112335, 0.03955454006791115, 0.04056715592741966, 0.041579775512218475]}, "gradients/graph_3fc2.weight": {"_type": "histogram", "values": [1.0, 0.0, 0.0, 2.0, 1.0, 2.0, 2.0, 3.0, 3.0, 3.0, 3.0, 8.0, 10.0, 9.0, 15.0, 11.0, 22.0, 28.0, 27.0, 29.0, 56.0, 52.0, 82.0, 100.0, 198.0, 1166.0, 370.0, 70.0, 33.0, 30.0, 26.0, 21.0, 24.0, 16.0, 22.0, 12.0, 11.0, 9.0, 6.0, 10.0, 7.0, 7.0, 2.0, 6.0, 7.0, 4.0, 5.0, 4.0, 4.0, 4.0, 6.0, 2.0, 0.0, 1.0, 0.0, 2.0, 1.0, 1.0, 1.0, 1.0, 1.0, 0.0, 0.0, 1.0], "bins": [-0.27542728185653687, -0.2647571563720703, -0.25408703088760376, -0.2434169054031372, -0.23274677991867065, -0.2220766544342041, -0.21140652894973755, -0.200736403465271, -0.19006627798080444, -0.1793961524963379, -0.16872602701187134, -0.15805590152740479, -0.14738577604293823, -0.13671565055847168, -0.12604552507400513, -0.11537539958953857, -0.10470527410507202, -0.09403514862060547, -0.08336502313613892, -0.07269489765167236, -0.06202477216720581, -0.05135464668273926, -0.040684521198272705, -0.030014395713806152, -0.0193442702293396, -0.008674144744873047, 0.001995980739593506, 0.012666106224060059, 0.02333623170852661, 0.034006357192993164, 0.04467648267745972, 0.05534660816192627, 0.06601676344871521, 0.07668688893318176, 0.08735701441764832, 0.09802713990211487, 0.10869726538658142, 0.11936739087104797, 0.13003751635551453, 0.14070764183998108, 0.15137776732444763, 0.16204789280891418, 0.17271801829338074, 0.1833881437778473, 0.19405826926231384, 0.2047283947467804, 0.21539852023124695, 0.2260686457157135, 0.23673877120018005, 0.2474088966846466, 0.25807902216911316, 0.2687491476535797, 0.27941927313804626, 0.2900893986225128, 0.30075952410697937, 0.3114296495914459, 0.3220997750759125, 0.33276990056037903, 0.3434400260448456, 0.35411015152931213, 0.3647802770137787, 0.37545040249824524, 0.3861205279827118, 0.39679065346717834, 0.4074607789516449]}, "gradients/graph_3fc1.bias": {"_type": "histogram", "values": [1.0, 0.0, 0.0, 1.0, 1.0, 1.0, 0.0, 3.0, 2.0, 1.0, 7.0, 0.0, 0.0, 2.0, 3.0, 3.0, 2.0, 2.0, 3.0, 5.0, 4.0, 6.0, 4.0, 7.0, 2.0, 10.0, 8.0, 14.0, 10.0, 12.0, 58.0, 4.0, 5.0, 10.0, 2.0, 1.0, 7.0, 2.0, 4.0, 1.0, 5.0, 3.0, 3.0, 3.0, 2.0, 3.0, 1.0, 4.0, 2.0, 2.0, 2.0, 0.0, 4.0, 2.0, 0.0, 2.0, 2.0, 2.0, 1.0, 1.0, 0.0, 1.0, 1.0, 2.0], "bins": [-0.004501035436987877, -0.004353601019829512, -0.004206166602671146, -0.0040587326511740685, -0.003911298234015703, -0.003763863816857338, -0.0036164293996989727, -0.003468995215371251, -0.0033215610310435295, -0.0031741266138851643, -0.0030266924295574427, -0.0028792580123990774, -0.002731823828071356, -0.0025843894109129906, -0.0024369549937546253, -0.0022895208094269037, -0.0021420863922685385, -0.0019946519751101732, -0.0018472177907824516, -0.0016997833736240864, -0.0015523491892963648, -0.0014049147721379995, -0.0012574804713949561, -0.0011100461706519127, -0.0009626117534935474, -0.000815177452750504, -0.0006677431520074606, -0.0005203087930567563, -0.00037287449231371284, -0.0002254401915706694, -7.800583261996508e-05, 6.942846812307835e-05, 0.00021686265245079994, 0.00036429695319384336, 0.0005117312539368868, 0.0006591656128875911, 0.0008065999136306345, 0.000954034214373678, 0.0011014685733243823, 0.0012489028740674257, 0.0013963370583951473, 0.0015437713591381907, 0.0016912056598812342, 0.0018386400770395994, 0.001986074261367321, 0.0021335086785256863, 0.0022809430956840515, 0.002428377280011773, 0.0025758116971701384, 0.0027232461143285036, 0.002870680298656225, 0.0030181147158145905, 0.003165548900142312, 0.0033129833173006773, 0.003460417501628399, 0.003607851918786764, 0.0037552863359451294, 0.0039027207531034946, 0.00405015517026186, 0.004197589121758938, 0.004345023538917303, 0.004492457956075668, 0.004639892373234034, 0.004787326790392399, 0.004934760741889477]}, "gradients/graph_3fc1.weight": {"_type": "histogram", "values": [4.0, 0.0, 0.0, 2.0, 0.0, 4.0, 2.0, 7.0, 4.0, 15.0, 11.0, 21.0, 32.0, 64.0, 50.0, 69.0, 105.0, 131.0, 163.0, 239.0, 331.0, 419.0, 535.0, 675.0, 939.0, 1212.0, 1629.0, 2144.0, 2978.0, 4182.0, 6241.0, 9752.0, 17919.0, 63404.0, 9144.0, 5984.0, 4269.0, 3036.0, 2384.0, 1841.0, 1490.0, 1194.0, 953.0, 764.0, 633.0, 515.0, 388.0, 332.0, 267.0, 207.0, 165.0, 145.0, 117.0, 86.0, 67.0, 51.0, 35.0, 36.0, 26.0, 17.0, 11.0, 6.0, 5.0, 5.0], "bins": [-0.056415967643260956, -0.05471839755773544, -0.05302082747220993, -0.05132325738668442, -0.049625691026449203, -0.04792812094092369, -0.04623055085539818, -0.044532980769872665, -0.04283541068434715, -0.04113784059882164, -0.03944027051329613, -0.03774270415306091, -0.0360451340675354, -0.03434756398200989, -0.032649993896484375, -0.030952423810958862, -0.0292548555880785, -0.027557285502552986, -0.025859717279672623, -0.02416214719414711, -0.022464577108621597, -0.020767007023096085, -0.01906943880021572, -0.01737186871469021, -0.015674300491809845, -0.013976731337606907, -0.012279161252081394, -0.010581592097878456, -0.008884022012352943, -0.007186452858150005, -0.005488883703947067, -0.0037913136184215546, -0.002093743532896042, -0.0003961740294471383, 0.0013013954740017653, 0.002998964861035347, 0.004696534480899572, 0.006394104100763798, 0.008091673254966736, 0.009789243340492249, 0.011486813426017761, 0.0131843825802207, 0.014881952665746212, 0.01657952181994915, 0.018277091905474663, 0.019974660128355026, 0.02167223021388054, 0.02336980029940605, 0.025067368522286415, 0.026764938607811928, 0.02846250683069229, 0.030160076916217804, 0.03185764700174332, 0.03355521708726883, 0.03525278717279434, 0.036950357258319855, 0.03864792361855507, 0.04034549370408058, 0.042043063789606094, 0.04374063014984131, 0.04543820023536682, 0.047135770320892334, 0.04883334040641785, 0.05053091049194336, 0.05222848057746887]}, "gradients/graph_3conv3.weight": {"_type": "histogram",