{"Training Loss:": 0.1908764937426895, "Test Loss:": 0.3210157518316606, "Test Accuracy:": 0.9028662443161011, "_timestamp": 1673214487.6679854, "_runtime": 34.265103340148926, "_step": 19, "gradients/graph_1fc2.bias": {"_type": "histogram", "values": [1.0, 0.0, 0.0, 0.0, 0.0, 0.0, 1.0, 0.0, 0.0, 0.0, 0.0, 0.0, 0.0, 0.0, 0.0, 0.0, 0.0, 1.0, 0.0, 0.0, 0.0, 0.0, 0.0, 0.0, 0.0, 0.0, 0.0, 0.0, 0.0, 0.0, 0.0, 0.0, 0.0, 0.0, 1.0, 1.0, 0.0, 0.0, 0.0, 0.0, 1.0, 0.0, 0.0, 0.0, 0.0, 0.0, 1.0, 0.0, 0.0, 0.0, 0.0, 1.0, 0.0, 0.0, 1.0, 0.0, 0.0, 0.0, 0.0, 0.0, 0.0, 0.0, 0.0, 1.0], "bins": [-0.03726024553179741, -0.036200717091560364, -0.03514119237661362, -0.03408166393637657, -0.033022135496139526, -0.03196261078119278, -0.030903082340955734, -0.029843555763363838, -0.028784029185771942, -0.027724502608180046, -0.02666497603058815, -0.025605447590351105, -0.02454592101275921, -0.023486394435167313, -0.022426865994930267, -0.02136733941733837, -0.020307812839746475, -0.01924828626215458, -0.018188759684562683, -0.017129231244325638, -0.016069704666733742, -0.015010178089141846, -0.013950650580227375, -0.012891123071312904, -0.011831596493721008, -0.010772069916129112, -0.009712542407214642, -0.008653014898300171, -0.007593488320708275, -0.0065339612774550915, -0.005474434234201908, -0.004414907190948725, -0.003355376422405243, -0.0022958493791520596, -0.0012363223358988762, -0.00017679529264569283, 0.0008827317506074905, 0.001942258793860674, 0.0030017858371138573, 0.004061312880367041, 0.005120839923620224, 0.006180366966873407, 0.007239894010126591, 0.008299421519041061, 0.009358948096632957, 0.010418474674224854, 0.011478002183139324, 0.012537529692053795, 0.013597056269645691, 0.014656582847237587, 0.015716109424829483, 0.01677563786506653, 0.017835164442658424, 0.01889469102025032, 0.019954219460487366, 0.021013746038079262, 0.022073272615671158, 0.023132799193263054, 0.02419232577085495, 0.025251854211091995, 0.02631138078868389, 0.027370907366275787, 0.028430435806512833, 0.02948996238410473, 0.030549488961696625]}, "gradients/graph_1fc2.weight": {"_type": "histogram", "values": [1.0, 0.0, 0.0, 1.0, 0.0, 1.0, 3.0, 2.0, 2.0, 4.0, 5.0, 7.0, 7.0, 11.0, 2.0, 14.0, 14.0, 17.0, 22.0, 21.0, 20.0, 21.0, 19.0, 31.0, 25.0, 33.0, 37.0, 26.0, 24.0, 27.0, 28.0, 45.0, 70.0, 108.0, 1105.0, 118.0, 94.0, 84.0, 91.0, 47.0, 55.0, 47.0, 58.0, 39.0, 28.0, 28.0, 19.0, 23.0, 14.0, 16.0, 14.0, 8.0, 6.0, 5.0, 4.0, 2.0, 3.0, 1.0, 0.0, 1.0, 0.0, 1.0, 0.0, 1.0], "bins": [-0.35300227999687195, -0.34269315004348755, -0.33238399028778076, -0.32207486033439636, -0.31176573038101196, -0.3014565706253052, -0.2911474406719208, -0.2808383107185364, -0.2705291509628296, -0.2602200210094452, -0.2499108612537384, -0.239601731300354, -0.2292925864458084, -0.21898344159126282, -0.20867431163787842, -0.19836516678333282, -0.18805602192878723, -0.17774687707424164, -0.16743773221969604, -0.15712860226631165, -0.14681945741176605, -0.13651031255722046, -0.12620118260383606, -0.11589203774929047, -0.10558289289474487, -0.09527374804019928, -0.08496461063623428, -0.07465547323226929, -0.0643463283777237, -0.0540371872484684, -0.043728046119213104, -0.03341890871524811, -0.023109734058380127, -0.012800592929124832, -0.0024914517998695374, 0.007817689329385757, 0.018126830458641052, 0.028435971587896347, 0.03874511271715164, 0.04905425012111664, 0.05936339497566223, 0.06967253983020782, 0.07998167723417282, 0.09029081463813782, 0.10059995949268341, 0.110909104347229, 0.121218241751194, 0.131527379155159, 0.1418365240097046, 0.15214566886425018, 0.16245481371879578, 0.17276394367218018, 0.18307308852672577, 0.19338223338127136, 0.20369136333465576, 0.21400050818920135, 0.22430965304374695, 0.23461879789829254, 0.24492794275283813, 0.25523707270622253, 0.26554620265960693, 0.2758553624153137, 0.2861644923686981, 0.2964736223220825, 0.3067827820777893]}, "gradients/graph_1fc1.bias": {"_type": "histogram", "values": [1.0, 0.0, 0.0, 0.0, 0.0, 0.0, 0.0, 0.0, 1.0, 1.0, 0.0, 1.0, 1.0, 0.0, 4.0, 1.0, 3.0, 5.0, 4.0, 3.0, 2.0, 6.0, 6.0, 3.0, 9.0, 4.0, 4.0, 11.0, 5.0, 9.0, 10.0, 10.0, 62.0, 13.0, 6.0, 3.0, 8.0, 9.0, 5.0, 3.0, 6.0, 7.0, 8.0, 5.0, 1.0, 1.0, 4.0, 2.0, 2.0, 1.0, 2.0, 0.0, 1.0, 1.0, 0.0, 0.0, 0.0, 1.0, 0.0, 0.0, 0.0, 0.0, 0.0, 1.0], "bins": [-0.007968706078827381, -0.0077209146693348885, -0.007473123259842396, -0.007225331850349903, -0.00697754044085741, -0.006729749031364918, -0.006481958087533712, -0.00623416667804122, -0.005986375268548727, -0.005738583859056234, -0.005490792449563742, -0.005243001040071249, -0.004995210096240044, -0.004747418686747551, -0.004499627277255058, -0.004251835867762566, -0.004004044458270073, -0.0037562530487775803, -0.0035084616392850876, -0.0032606704626232386, -0.003012879053130746, -0.002765087643638253, -0.002517296466976404, -0.0022695050574839115, -0.002021713647991419, -0.0017739222384989262, -0.0015261309454217553, -0.0012783396523445845, -0.0010305482428520918, -0.0007827568333595991, -0.0005349655402824283, -0.0002871742472052574, -3.938283771276474e-05, 0.00020840851357206702, 0.0004561998648568988, 0.0007039912161417305, 0.0009517825674265623, 0.001199573976919055, 0.0014473652699962258, 0.0016951565630733967, 0.0019429479725658894, 0.002190739382058382, 0.0024385307915508747, 0.0026863219682127237, 0.0029341133777052164, 0.003181904787197709, 0.003429695963859558, 0.0036774873733520508, 0.0039252787828445435, 0.004173070192337036, 0.004420861601829529, 0.0046686530113220215, 0.004916444420814514, 0.005164235830307007, 0.005412026774138212, 0.005659818183630705, 0.0059076095931231976, 0.00615540100261569, 0.006403192412108183, 0.006650983821600676, 0.006898774765431881, 0.007146566174924374, 0.007394357584416866, 0.007642148993909359, 0.007889940403401852]}, "gradients/graph_1fc1.weight": {"_type": "histogram", "values": [1.0, 0.0, 0.0, 0.0, 1.0, 4.0, 3.0, 1.0, 5.0, 7.0, 13.0, 15.0, 18.0, 34.0, 39.0, 69.0, 96.0, 151.0, 215.0, 345.0, 519.0, 784.0, 1180.0, 1907.0, 2674.0, 4022.0, 6082.0, 9282.0, 15255.0, 65321.0, 13867.0, 8631.0, 5766.0, 3826.0, 2506.0, 1640.0, 1082.0, 721.0, 435.0, 296.0, 188.0, 141.0, 83.0, 75.0, 42.0, 32.0, 25.0, 13.0, 10.0, 8.0, 7.0, 6.0, 4.0, 1.0, 1.0, 3.0, 1.0, 1.0, 0.0, 1.0, 0.0, 0.0, 0.0, 1.0], "bins": [-0.08275054395198822, -0.07994615286588669, -0.07714175432920456, -0.07433736324310303, -0.0715329647064209, -0.06872857362031937, -0.06592418253421783, -0.0631197839975357, -0.060315392911434174, -0.05751099810004234, -0.05470660328865051, -0.05190221220254898, -0.04909781739115715, -0.04629342257976532, -0.04348903149366379, -0.04068463668227196, -0.03788024187088013, -0.035075847059488297, -0.032271452248096466, -0.029467061161994934, -0.026662666350603104, -0.023858271539211273, -0.021053878590464592, -0.01824948564171791, -0.01544509083032608, -0.012640696950256824, -0.009836303070187569, -0.007031909190118313, -0.004227515310049057, -0.0014231214299798012, 0.0013812724500894547, 0.004185665398836136, 0.006990052759647369, 0.009794446639716625, 0.012598840519785881, 0.015403234399855137, 0.018207628279924393, 0.021012023091316223, 0.023816416040062904, 0.026620808988809586, 0.029425203800201416, 0.032229598611593246, 0.03503399342298508, 0.03783838450908661, 0.04064277932047844, 0.04344717413187027, 0.0462515652179718, 0.04905596002936363, 0.05186035484075546, 0.05466474965214729, 0.057469144463539124, 0.060273535549640656, 0.06307792663574219, 0.06588232517242432, 0.06868671625852585, 0.07149110734462738, 0.07429550588130951, 0.07709989696741104, 0.07990429550409317, 0.0827086865901947, 0.08551308512687683, 0.08831747621297836, 0.0911218672990799, 0.09392626583576202, 0.09673065692186356]}, "gradients/graph_1conv3.weight": {"_type": "histogram",