{"epoch": 4, "train_acc": 0.4166657564698343, "train_loss": 0.7204520431272241, "val_acc": 0.3501763204424585, "val_loss": 0.9474022218529758, "_timestamp": 1673211431.9254405, "_runtime": 1.447995662689209, "_step": 3, "_wandb": {"runtime": 0}}