{"epoch": 14, "train_acc": 0.7474734872498927, "train_loss": -0.22417267319215334, "val_acc": 0.8493010501474013, "val_loss": -0.12658162613437618, "_timestamp": 1673211399.5722518, "_runtime": 1.7199997901916504, "_step": 13, "_wandb": {"runtime": 0}}