{"Training Loss:": 0.09306946089855046, "Test Loss:": 0.12451413138167033, "Test Accuracy:": 0.9584664702415466, "_timestamp": 1673214566.3748164, "_runtime": 53.674071311950684, "_step": 39, "gradients/graph_2fc2.bias": {"_type": "histogram", "values": [1.0, 0.0, 0.0, 0.0, 0.0, 0.0, 0.0, 0.0, 0.0, 0.0, 0.0, 0.0, 1.0, 0.0, 0.0, 0.0, 0.0, 0.0, 1.0, 0.0, 0.0, 0.0, 0.0, 0.0, 0.0, 0.0, 0.0, 0.0, 0.0, 0.0, 0.0, 0.0, 0.0, 0.0, 0.0, 0.0, 2.0, 0.0, 0.0, 0.0, 0.0, 1.0, 0.0, 0.0, 0.0, 0.0, 0.0, 1.0, 0.0, 0.0, 0.0, 0.0, 0.0, 1.0, 1.0, 0.0, 0.0, 0.0, 0.0, 0.0, 0.0, 0.0, 0.0, 1.0], "bins": [-0.02713274583220482, -0.02638932876288891, -0.025645911693572998, -0.02490249276161194, -0.024159075692296028, -0.023415658622980118, -0.022672241553664207, -0.021928824484348297, -0.021185405552387238, -0.020441988483071327, -0.019698571413755417, -0.018955152481794357, -0.018211735412478447, -0.017468318343162537, -0.016724901273846626, -0.015981484204530716, -0.015238067135214806, -0.014494650065898895, -0.01375123206526041, -0.0130078149959445, -0.012264396995306015, -0.011520979925990105, -0.010777562856674194, -0.010034145787358284, -0.009290728718042374, -0.008547311648726463, -0.007803893648087978, -0.007060476578772068, -0.00631705904379487, -0.005573641508817673, -0.004830224439501762, -0.004086806904524565, -0.0033433884382247925, -0.002599970903247595, -0.0018565536011010408, -0.0011131362989544868, -0.0003697187639772892, 0.00037369877099990845, 0.0011171158403158188, 0.0018605333752930164, 0.0026039518415927887, 0.0033473693765699863, 0.004090786911547184, 0.004834203980863094, 0.005577621515840292, 0.00632103905081749, 0.0070644561201334, 0.007807873655110598, 0.00855129025876522, 0.009294707328081131, 0.010038125328719616, 0.010781542398035526, 0.011524960398674011, 0.012268377467989922, 0.013011794537305832, 0.013755211606621742, 0.014498629607260227, 0.015242046676576138, 0.015985464677214622, 0.016728881746530533, 0.017472298815846443, 0.018215715885162354, 0.018959134817123413, 0.019702551886439323, 0.020445968955755234]}, "gradients/graph_2fc2.weight": {"_type": "histogram", "values": [1.0, 0.0, 0.0, 1.0, 0.0, 0.0, 4.0, 0.0, 3.0, 1.0, 4.0, 3.0, 1.0, 2.0, 2.0, 1.0, 5.0, 4.0, 4.0, 5.0, 13.0, 15.0, 14.0, 9.0, 13.0, 12.0, 23.0, 23.0, 24.0, 26.0, 50.0, 1890.0, 148.0, 63.0, 45.0, 32.0, 23.0, 15.0, 14.0, 10.0, 11.0, 9.0, 4.0, 5.0, 3.0, 4.0, 3.0, 1.0, 2.0, 1.0, 0.0, 3.0, 3.0, 1.0, 1.0, 1.0, 3.0, 0.0, 0.0, 1.0, 0.0, 0.0, 0.0, 1.0], "bins": [-0.1955518126487732, -0.18934322893619537, -0.18313463032245636, -0.17692604660987854, -0.17071746289730072, -0.1645088791847229, -0.1583002805709839, -0.15209169685840607, -0.14588311314582825, -0.13967452943325043, -0.1334659308195114, -0.1272573471069336, -0.12104876339435577, -0.11484017223119736, -0.10863158106803894, -0.10242299735546112, -0.0962144061923027, -0.09000581502914429, -0.08379723131656647, -0.07758864015340805, -0.07138005644083023, -0.06517146527767181, -0.058962877839803696, -0.05275429040193558, -0.04654569923877716, -0.04033711180090904, -0.034128524363040924, -0.027919935062527657, -0.02171134762465954, -0.01550276018679142, -0.009294170886278152, -0.003085583448410034, 0.0031230002641677856, 0.009331587702035904, 0.015540176071226597, 0.02174876444041729, 0.027957351878285408, 0.034165941178798676, 0.040374528616666794, 0.04658311605453491, 0.05279169976711273, 0.05900028720498085, 0.06520887464284897, 0.07141746580600739, 0.0776260495185852, 0.08383464068174362, 0.09004323184490204, 0.09625181555747986, 0.10246040672063828, 0.10866899788379669, 0.11487758159637451, 0.12108617275953293, 0.12729476392269135, 0.13350334763526917, 0.13971193134784698, 0.1459205150604248, 0.15212911367416382, 0.15833769738674164, 0.16454629600048065, 0.17075487971305847, 0.1769634634256363, 0.1831720471382141, 0.18938064575195312, 0.19558922946453094, 0.20179781317710876]}, "gradients/graph_2fc1.bias": {"_type": "histogram", "values": [1.0, 0.0, 1.0, 0.0, 0.0, 1.0, 1.0, 0.0, 0.0, 1.0, 1.0, 0.0, 2.0, 5.0, 3.0, 1.0, 3.0, 5.0, 6.0, 6.0, 4.0, 3.0, 4.0, 8.0, 7.0, 8.0, 5.0, 8.0, 5.0, 105.0, 8.0, 7.0, 2.0, 5.0, 3.0, 2.0, 2.0, 3.0, 1.0, 4.0, 3.0, 1.0, 4.0, 4.0, 1.0, 1.0, 1.0, 0.0, 3.0, 0.0, 1.0, 0.0, 1.0, 0.0, 0.0, 0.0, 3.0, 0.0, 0.0, 0.0, 0.0, 0.0, 0.0, 2.0], "bins": [-0.004801342263817787, -0.00463971309363842, -0.00447808438912034, -0.004316455218940973, -0.004154826048761606, -0.0039931973442435265, -0.0038315681740641594, -0.0036699390038847923, -0.003508310066536069, -0.0033466811291873455, -0.0031850519590079784, -0.003023423021659255, -0.0028617940843105316, -0.0027001649141311646, -0.002538535976782441, -0.0023769070394337177, -0.0022152778692543507, -0.0020536489319056273, -0.0018920197617262602, -0.0017303908243775368, -0.0015687617706134915, -0.0014071327168494463, -0.0012455037795007229, -0.0010838747257366776, -0.0009222456719726324, -0.0007606166182085872, -0.0005989876226522028, -0.00043735859799198806, -0.0002757295733317733, -0.00011410051956772804, 4.752847598865628e-05, 0.0002091574715450406, 0.00037078605964779854, 0.0005324151134118438, 0.0006940441089682281, 0.0008556731045246124, 0.0010173021582886577, 0.001178931212052703, 0.0013405601494014263, 0.0015021892031654716, 0.0016638182569295168, 0.001825447310693562, 0.0019870763644576073, 0.0021487053018063307, 0.002310334239155054, 0.002471963409334421, 0.0026335923466831446, 0.002795221284031868, 0.002956850454211235, 0.0031184793915599585, 0.0032801085617393255, 0.003441737499088049, 0.003603366669267416, 0.0037649956066161394, 0.003926624543964863, 0.00408825371414423, 0.004249882884323597, 0.004411512054502964, 0.004573140759021044, 0.004734769929200411, 0.004896399099379778, 0.005058027803897858, 0.005219656974077225, 0.005381286144256592, 0.0055429148487746716]}, "gradients/graph_2fc1.weight": {"_type": "histogram", "values": [1.0, 0.0, 3.0, 1.0, 2.0, 0.0, 1.0, 1.0, 4.0, 3.0, 3.0, 10.0, 8.0, 10.0, 23.0, 13.0, 31.0, 18.0, 35.0, 59.0, 59.0, 82.0, 96.0, 153.0, 193.0, 298.0, 419.0, 573.0, 957.0, 1480.0, 2454.0, 4512.0, 122988.0, 6164.0, 2380.0, 1408.0, 890.0, 594.0, 390.0, 280.0, 197.0, 166.0, 104.0, 80.0, 69.0, 48.0, 37.0, 32.0, 33.0, 16.0, 16.0, 19.0, 9.0, 5.0, 7.0, 3.0, 6.0, 3.0, 0.0, 2.0, 2.0, 2.0, 1.0, 3.0], "bins": [-0.03487660735845566, -0.03381302207708359, -0.03274943679571152, -0.03168585151433945, -0.030622266232967377, -0.029558680951595306, -0.028495093807578087, -0.027431508526206017, -0.026367923244833946, -0.025304337963461876, -0.024240752682089806, -0.023177167400717735, -0.022113580256700516, -0.021049994975328445, -0.019986409693956375, -0.018922824412584305, -0.017859239131212234, -0.016795653849840164, -0.015732068568468094, -0.014668482355773449, -0.013604897074401379, -0.012541311793029308, -0.011477725580334663, -0.010414140298962593, -0.009350555017590523, -0.008286969736218452, -0.007223383989185095, -0.006159798242151737, -0.005096212960779667, -0.004032627679407597, -0.002969041932374239, -0.0019054561853408813, -0.0008418746292591095, 0.00022171088494360447, 0.0012852963991463184, 0.0023488819133490324, 0.0034124674275517464, 0.004476052708923817, 0.005539638455957174, 0.006603224202990532, 0.007666809484362602, 0.008730394765734673, 0.009793980047106743, 0.010857566259801388, 0.011921151541173458, 0.012984736822545528, 0.014048323035240173, 0.015111908316612244, 0.016175493597984314, 0.017239078879356384, 0.018302664160728455, 0.019366249442100525, 0.020429834723472595, 0.021493420004844666, 0.022557007148861885, 0.023620592430233955, 0.024684177711606026, 0.025747762992978096, 0.026811348274350166, 0.027874933555722237, 0.028938520699739456, 0.030002105981111526, 0.031065691262483597, 0.03212927654385567, 0.03319286182522774]}, "gradients/graph_2conv3.weight": {"_type": "histogram",